{"ROUGE_L": [0.56721607527052764, 0.56831103961596396, 0.56836319776852107, 0.56742788410777334, 0.56750577556068948, 0.56809541034854694, 0.56934342390367909, 0.56781355655522636, 0.56864343667542427, 0.56947103754329853], "epoch": [18.376586177002906, 18.476458927964877, 19.97455019239446, 20.573786698166295, 20.873404951052212, 21.073150452976158, 21.2728959549001, 21.872132460671935, 22.47136896644377, 26.666024506846608], "Bleu_4": [0.28240854212421485, 0.28633600036129875, 0.2845944960191847, 0.2805685778840613, 0.2819495338486972, 0.2823075235245858, 0.28227720489222563, 0.2818975411637027, 0.28286258820480026, 0.2791257937600908], "CIDEr": [0.91234395862588769, 0.91507906977099296, 0.91493870497347707, 0.90436641489415392, 0.89906677948118685, 0.90869043889405943, 0.91065453709476374, 0.89868609458802706, 0.90484114906847901, 0.89151549570170718], "Bleu_1": [0.7459050899349264, 0.7488530783761759, 0.7491979436434474, 0.7504125172286462, 0.7516559507390931, 0.7519201377468949, 0.7512938303192273, 0.7529832471722169, 0.7554771557773127, 0.7529764317338392]}